ID,Customer Group,Customer Name,Customer Type,Payer Match,Payer Priority,Territory
Satish Dhawan Space Centre(SDSC),Government,Satish Dhawan Space Centre(SDSC),Company,,,India
Regional Directorate of Skill Development and Entrepreneurship,Government,Regional Directorate of Skill Development and Entrepreneurship,Company,,,India
Mahavir hospital,Corporate,Mahavir hospital,Company,,,India
IIT Tirupathi,Government,IIT Tirupathi,Company,,,India
MADRAS REGIONAL PURCHASE UNIT,Government, MADRAS REGIONAL PURCHASE UNIT,Company,,,India
Early Salary Services Private Limited,Corporate,Early Salary Services Private Limited,Company,,,India
CHECKMED PRIVATE LIMITED,Corporate,CHECKMED PRIVATE LIMITED,Company,,,India
Dhiren Eye Care,Corporate,Dhiren Eye Care,Company,,,India
National Institute of Fashion Technology(NIFT),Government,National Institute of Fashion Technology(NIFT),Company,,,India
Research Centre Imarat (RCI),Government,Research Centre Imarat (RCI),Company,,,India
Indian Institute of Science Education and Research(IISER),Government,Indian Institute of Science Education and Research(IISER),Company,,,India
AYU Health,Corporate,AYU Health,Company,,,India
ICMR - NIRT (National Institute for Research in Tuberculosis ),Government,ICMR - NIRT (National Institute for Research in Tuberculosis ),Company,,,India
CENTRAL SERICULTURE RESEARCH AND TRAINING,Government,CENTRAL SERICULTURE RESEARCH AND TRAINING,Company,,,India
IIT BHUBANESWAR,Government,IIT BHUBANESWAR,Company,,,India
Guest,Commercial,Guest,Individual,,,All Territories
ENGINEERS INDIA LIMITED,Government,ENGINEERS INDIA LIMITED,Company,,,India
Institute of Hotel Management(IHM),Corporate,Institute of Hotel Management(IHM),Company,,,India
Healthindia Insurance TPA Services Pvt Ltd,TPA/INSURANCE,Healthindia Insurance TPA Services Pvt Ltd,Company,,7,India
Safeway Insurance TPA Pvt Ltd,All Customer Groups,Safeway Insurance TPA Pvt Ltd,Company,,,All Territories
NIPER,Government,NIPER,Company,,,India
Central Salt and Marine Chemicals Research Institute(CSMCRI),Government,Central Salt and Marine Chemicals Research Institute(CSMCRI),Company,,,India
Bharat Earth Movers Limited,Government,Bharat Earth Movers Limited,Company,,,India
Connect and Heal Primary Care Pvt. Ltd,Corporate,Connect and Heal Primary Care Pvt. Ltd ,Company,,,India
National Small Industries Corporation (NSIC),Government,National Small Industries Corporation (NSIC),Company,,,India
TTK PRESTIGE LTD,Corporate,TTK PRESTIGE LTD,Company,,,India
National Institute of Epidemiology,Government,National Institute of Epidemiology,Company,,,India
KARNATAKA FIRE,Government,KARNATAKA FIRE,Company,KAR FIRE,,India
POSTAL,Government,POSTAL,Company,DIR OF ACCTS POSTAL,,India
ITBP - Patna,Government,ITBP - Patna,Company,,,India
512 army base,Government,512 army base,Company,,,India
CENSUS,Government,CENSUS,Company,,,India
AAROGYASRI,Government,AAROGYASRI,Company,,,India
Sashastra Seema Bal (SSB),Government,Sashastra Seema Bal (SSB),Company,,,India
SALARJUNG MUSEUM,Government,SALARJUNG MUSEUM,Company,,,India
NATIONAL INSTITUTE OF VIROLOGY,Government,NATIONAL INSTITUTE OF VIROLOGY,Company,NATIONAL INSTITUTE OF VIROLOGY,,India
NWKRTC,Government,NWKRTC,Company,NWKRTC,,India
KSRTC,Government,KSRTC,Company,,,India
KAYNES TECHNOLOGIES,Corporate,KAYNES TECHNOLOGIES,Company,KAYNES TECHNOLOGY,,India
LIFETIME WELLNESS,Corporate,LIFETIME WELLNESS,Company,LIFETIME WELLNESS,,India
KFES WELFARE TRUST,Corporate,KFES WELFARE TRUST,Company,KFESWELFARETRUST,,India
HUMAN SPACE FLIGHT CENTRE,Government,HUMAN SPACE FLIGHT CENTRE,Company,HUMAN SPACE FLIGHT,,India
CENTRAL RICE RESEARCH INSTITUTE,Government,CENTRAL RICE RESEARCH INSTITUTE,Company,CRRI,,India
Government(AG),Government,Government(AG),Company,"THE REGISTRAR R S VIDYAPEETHA,AMD BANGALORE,ZAO  CBDT,INDIA GOVERNMENT MINT,VENKAT LAXMAN RAO B S,AO GE UTILITY,BULK POSTING,MMNSSBYBLADA,CHEQUE DEPOSIT/HYDERABAD,SP  CBI  ACB  HYDERABAD,AGMOAD,DEPUTY DIRECTOR FINANCE,DISTRICT TREAS,EMPLOYEES PROVIDENT FUND,AAO ARMY VIZAGAAO ARMY,DEPUTY DIR,PUBLIC FUND OF,AG AANDE  ANDHRA PRADESH",,India
Corporates,Corporate,Corporate(AG),Company,"NODAL ACCOUNTMEDOPS, Curebay,MSDR",,India
Indian Institute of technology (IIT),Government,Indian Institute of technology (IIT),Company,,,India
National Programme for Control of Blindness(NPCB),Government,National Programme for Control of Blindness(NPCB),Company,,,India
SWAZILAND PRINCESS,Corporate,SWAZILAND PRINCESS,Company,,,India
IITM (INDIAN INSTITUTE OF TROPICAL METEOROLOGY),Government,IITM (INDIAN INSTITUTE OF TROPICAL METEOROLOGY),Company,,,India
CWL,Government,CWL,Company,,,India
Cordite Company,Government,Cordite Company,Company,CF EMPLOYEES,,India
Manual,All Customer Groups,Manual,Company,,,India
Saha Institute of Nuclear Physics(SINP),Government,Saha Institute of Nuclear Physics(SINP),Company,saha institute,,India
Birla Eye Hospital,Corporate,Birla Eye Hospital,Company,,,India
Mumba Port Trust(MPT),Government,Mumba Port Trust(MPT),Company,,,India
ICMR(Indian Council of Medical Research),Government,ICMR(Indian Council of Medical Research),Company,INDIAN INSTITUTE OF MILLETS,,India
Svass Wellness Limited,Corporate,Svass Wellness Limited,Company,SVAAS WELLNESS,,India
Rainbow Childrens Hospital,Corporate,Rainbow Childrens Hospital,Company,,,India
Health India Insurance TPA Services Pvt Ltd,TPA/INSURANCE,Health India Insurance TPA Services Pvt Ltd,Company,HEALTHINDI,,India
Nilkamal Limited,Corporate,Nilkamal Limited,Company,Nilkamal Limited,,India
Germanten Hospital,Corporate,Germanten Hospital,Company,,,India
EAST COAST RAILWAYS,Government,EAST COAST RAILWAYS,Company,ECORMEDICA,,India
BIRLA INDUSTRIAL & TECHNOLOGICAL MUSEUM,Government,BIRLA INDUSTRIAL & TECHNOLOGICAL MUSEUM,Company,,,India
ZUNO GENERAL INSURANCE,TPA/INSURANCE,ZUNO GENERAL INSURANCE,Company,ZUNO GENERAL,,India
YESHASVINI,Government,YESHASVINI,Company,YASHASVINI,,India
Working Journalist Health Scheme,Government,Working Journalist Health Scheme,Company,,,India
WABCO INDIA LIMITED,Corporate,WABCO INDIA LIMITED,Company,,,India
VISAKHAPATNAM PORT TRUST - VPT,Government,VISAKHAPATNAM PORT TRUST - VPT,Company,"VSKP PORT,VISAKHAPATNAM PORT,VISAKHAPATNAM,AO VSP PARKIN,VSKP PORT,AO, VSP",,India
Visakha Steel Plant,Government,Visakha Steel Plant,Company,RASHTRIYA ISPAT,,India
Vipul Medcorp TPA P Ltd,TPA/INSURANCE,Vipul Medcorp TPA P Ltd,Company,VIPULMEDCO,,India
VIJAY SAI HEALTH,Corporate,VIJAY SAI HEALTH,Company,,,India
VIJAY HOSPITAL,Corporate,VIJAY HOSPITAL,Company,,,India
VIDAL HEALTH TPA PVT LTD,TPA/INSURANCE,VIDAL HEALTH TPA PVT LTD,Company,VIDAL,,India
Victoria Memorial Hall,Government,Victoria Memorial Hall,Company,VICTORIA MEMORIAL,,India
VH MEDCARE,Corporate,VH MEDCARE,Company,VH MEDCARE,,India
VAINAM HEALTH TECH,Corporate,VAINAM HEALTH TECH,Company,VIANAMHEALTHTECH,,India
V.O.C CHIDAMARANAR PORT TRUST,Government,V.O.C CHIDAMARANAR PORT TRUST,Company,V O  CHIDAMBARANAR PORT,,India
UPSBKS,Government,UPSBKS,Company,UTTAR PRADESH SWASTHYA BIMA KALYAN,,India
Unofin Technologies,Corporate,Unofin Technologies,Company,,,India
UNIVERSAL SOMPO GENERAL INSURANCE,TPA/INSURANCE,UNIVERSAL SOMPO GENERAL INSURANCE,Company,UNIVERSAL SOMPO,,India
United Health Care- Parekh,TPA/INSURANCE,United Health Care- Parekh,Company,,,India
United India Insurance Company,TPA/INSURANCE,United India Insurance Company,Company,"UIIC,UNITED INDIA",19,India
TVS,Corporate,TVS,Company,,,India
TUBE PRODUCTS OF INDIA,Corporate,TUBE PRODUCTS OF INDIA,Company,,,India
TUBE INVESTMENTS,Corporate,TUBE INVESTMENTS,Company,TUBE INVESTMENTS,,India
TTK Healthcare TPA Pvt Ltd,TPA/INSURANCE,TTK Healthcare TPA Pvt Ltd,Company,,,India
TPA Receipts,TPA/INSURANCE,TPA Receipts,Company,,,India
TNPL,Government,Tamil Nadu Newsprint and Papers Limited,Company,TNPL,,India
Titan Industries,Corporate,Titan Industries,Company,,,India
TITAN ENGINEERING,Corporate,TITAN ENGINEERING,Company,TITAN,,India
TITAN COMPANY,Corporate,TITAN COMPANY,Company,TITAN,,India
TIDC INDIA,Corporate,TIDC INDIA,Company,,,India
Thriveni Earth Movers Pvt Ltd,Corporate,Thriveni Earth Movers Pvt Ltd,Company,,,India
TDK India Private Limited,Corporate,TDK India Private Limited,Company,,,India
TATA STEEL LTD,Corporate,TATA STEEL LTD,Company,TATA STEEL,,India
TATA MOTORS LTD,Corporate,TATA MOTORS LTD,Company,TATA MOTORS,,India
TATA COMMUNICATION LTD,Corporate,TATA COMMUNICATION LTD,Company,TATA COMMUN,,India
TATA AIG Health Insurance,TPA/INSURANCE,TATA AIG Health Insurance,Company,TATA AIG GEN,,India
Tamil Nadu Newsprint and Papers Limited,Government,Tamil Nadu Newsprint and Papers Limited,Company,TAMIL NADU NEWSPRINT AND PAPERS,,India
TAB INDIA GRANITES PVT.  Limited,Corporate,TAB INDIA GRANITES PVT.  Limited,Company,TAB INDIA GRANITES,,India
T.I. METAL FORMING,Corporate,T.I. METAL FORMING,Company,,,India
Switching Technologies Gunther Limited,Corporate,Switching Technologies Gunther Limited,Company,,,India
SWASTHYA BIMA YOJNA,Government,SWASTHYA BIMA YOJNA,Company,SWASTHYA BIMA YOJNA,,India
SWASTHYA BIMA KALYAN,Government,SWASTHYA BIMA KALYAN,Company,SWASTHYA BIMA KALYAN,,India
SUNDARAM GENERAL,Corporate,SUNDARAM GENERAL,Company,,,India
SUNDARAM FASTENERS LTD,Corporate,SUNDARAM FASTENERS LTD,Company,SUNDRAM FAST,,India
Sundaram Clayton,Corporate,Sundaram Clayton,Company,Sundaram Clayton,,India
Sundaram Brake Linings Limited,Corporate,Sundaram Brake Linings Limited,Company,,,India
Sundaram Auto Components,Corporate,Sundaram Auto Components,Company,SUNDARAM AUTO,,India
Suhana Masala,Corporate,Suhana Masala,Company,PRAVIN MASAL,,India
State Trading Corp Of India,Government,State Trading Corp Of India,Company,,,India
STATE POLICE,Government,STATE POLICE,Company,,,India
STATE HEALTH AGENCY,Government,STATE HEALTH AGENCY,Company,STATE HEALTH AGENCY,,India
State bank of Hyderabad,Government,State bank of Hyderabad,Company,,,India
STAR HOSPITAL,Corporate,STAR HOSPITAL,Company,,,India
Star Health & Allied Insurance Co Ltd,TPA/INSURANCE,Star Health & Allied Insurance Co Ltd,Company,"STAR HEALTH AN,SHAICL",7,India
SRL LIMITED,Corporate,SRL LIMITED,Company,,,India
Sri Gokulam Health Services TPA Ltd,TPA/INSURANCE,Sri Gokulam Health Services TPA Ltd,Company,,,India
SPORTS AUTHORITY,Government,SPORTS AUTHORITY,Company,,,India
SPECIAL COMMISSIONER,Government,SPECIAL COMMISSIONER,Company,,,India
SPACE APPLICATION,Government,SPACE APPLICATION,Company,,,India
Southern Railways,Government,Southern Railways,Company,"BILLS,MON-STATE,MO-STATE",,India
SOUTHERN PETRO CHEMICAL,Government,SOUTHERN PETRO CHEMICAL,Company,SOUTHERN PETROCHEMICAL,,India
South Western Railways - SWR,Government,South Western Railways - SWR,Company,UBL SWR,,India
Small Industries Development Bank of India (SIDBI),Government,Small Industries Development Bank of India (SIDBI),Company,,,India
Singareni Collieries Company Limited,Government,Singareni Collieries Company Limited,Company,SINGARENI COLLIERIES,,India
SIDS Hospital & Research Centre,Corporate,SIDS Hospital & Research Centre,Company,SIDSHOSPITAL,,India
SHUSHRUSHA NEONATAL,Corporate,SHUSHRUSHA NEONATAL,Company,SHUSHRUSHA NEONATAL,,India
Shree Khodiyar Mandir trust- Rajpara,Corporate,Shree Khodiyar Mandir trust- Rajpara,Company,,,India
Shivam Eye Foundation,Corporate,Shivam Eye Foundation,Company,,,India
SHIPPING CORPORATION OF INDIA,Government,SHIPPING CORPORATION OF INDIA,Company,SHIPPING CORPORATION OF INDIA,,India
SHIP BUILDING CENTRE,Government,SHIP BUILDING CENTRE,Company,,,India
SHAR,Government,SHAR,Company,SDSC  SHAR,,India
SECURITY PRINTING,Government,SECURITY PRINTING,Company,SECURITY PRINTING PRESS,,India
SCL,Corporate,SCL,Company,SCL PAYMENT TRANSF,,India
SBI GENERAL INSURANCE CO LTD,TPA/INSURANCE,SBI GENERAL INSURANCE CO LTD,Company,"SBIGen, SBI GENERAL INSURANCE CO LTDSBI,SBI GENERAL INSURANCE",,India
Sampoorna Suraksha and Arogya Raksha Health Insurance Scheme,Government,Sampoorna Suraksha and Arogya Raksha Health Insurance Scheme,Company,DAVANAGERE NETRALAYA,,India
Salar Jung Museum,Government,Salar Jung Museum,Company,,,India
SAIL,Government,SAIL,Company,,,India
Safeway TPA Services Ltd,TPA/INSURANCE,Safeway TPA Services Ltd,Company,,,India
RSBY,Government,RSBY,Company,,,India
Royal Enfield,Corporate,Royal Enfield,Company,,,India
RGHS (Rajasthan Govt Health Scheme),Government,RGHS (Rajasthan Govt Health Scheme),Company,"TREASURY OFFICE SECRETRIATE, RAJASTHAN GOVE",,India
RESERVE BANK OF INDIA,Government,RESERVE BANK OF INDIA,Company,RBI SAMADHAN,,India
RENAULT NISSAN AUTOMOTIVE INDIA PRIVATE LIMITED,Corporate,RENAULT NISSAN AUTOMOTIVE INDIA PRIVATE LIMITED,Company,RENAULT NISSAN,,India
Reliance Industries Ltd,Corporate,Reliance Industries Ltd,Company,,,India
Reliance General Insurance Co. Ltd,TPA/INSURANCE,Reliance General Insurance Co. Ltd,Company,RELIANCE GENER,,India
REGIONAL PASSPORT,Government,REGIONAL PASSPORT,Company,REGIONAL PASSPORT,,India
Regional Meteorological Centre,Government,Regional Meteorological Centre,Company,,,India
RCF,Government,Rashtriya Chemicals and Fertilizers Limited,Company,R C F  LTD,,India
Rashtriya Chemicals and Fertilizers Limited,Government,Rashtriya Chemicals and Fertilizers Limited,Company,,,India
Raksha Health Insurance TPA Pvt Ltd,TPA/INSURANCE,Raksha Health Insurance TPA Pvt Ltd,Company,MSRAKSHAT,18,India
Rajsriya Automotive Industries P Ltd.,Corporate,Rajsriya Automotive Industries P Ltd.,Company,,,India
Rajendra ashram,Corporate,Rajendra ashram,Company,,,India
Raja Ramanna Centre for Advanced Technology (RRCAT),Government,Raja Ramanna Centre for Advanced Technology (RRCAT),Company,RRCAT,,India
RAIL WHEEL FACTORY,Government,RAIL WHEEL FACTORY,Company,"RWFOP BILL,-RWF",,India
RAHEJA QBE GENERAL,TPA/INSURANCE,RAHEJA QBE GENERAL,Company,RAHEJA QBE GE,,India
QB Health Technologies Pvt. Ltd. (QUBE),Corporate,QB Health Technologies Pvt. Ltd. (QUBE),Company,,,India
PUNE PAYMENT,Government,PUNE PAYMENT,Company,,,India
Pune Municipal Corporation(PMC),Government,Pune Municipal Corporation(PMC),Company,,,India
PSU-SBI,Government,PSU-SBI,Company,"SBI LHO,LHO BBSR",,India
Pradhan Mantri Jeevan Jyoti Bima Yojana(PMJJBY),Government,Pradhan Mantri Jeevan Jyoti Bima Yojana(PMJJBY),Company,,,India
Practo technologies Pvt Ltd,Corporate,Practo technologies Pvt Ltd,Company,,,India
PPT,Government,PPT,Company,PARADIP PORT,,India
PPL,Government,PPL,Company,,,India
Powergrid Corporation of India Ltd,Government,Powergrid Corporation of India Ltd,Company,POWER GRID,,India
Post Office,Government,Post Office,Company,,,India
PMJAY,Government,PMJAY,Company,,,India
PLUS HEALTH TECH,Corporate,PLUS HEALTH TECH,Company,PLUS HEALTH TECH,,India
PHASORZ TECHNOLOGIES,TPA/INSURANCE,PHASORZ TECHNOLOGIES,Company,,,India
Peerless Hospitex Hospital And Reserch Center Ltd.,Corporate,Peerless Hospitex Hospital And Reserch Center Ltd.,Company,PEERLESS,,India
Pay & Accounts Office,Government,Pay & Accounts Office,Company,,,India
PARK MEDICLAIM INSURANCE TPA PVT LTD,TPA/INSURANCE,PARK MEDICLAIM INSURANCE TPA PVT LTD,Company,,,India
Paramount Health Services TPA Ltd,TPA/INSURANCE,Paramount Health Services TPA Ltd,Company,PARAMOUNT,16,India
Paradeep Phosphates Limited,Government,Paradeep Phosphates Limited,Company,PARADEEP PHOSPHATES,,India
P.G. CARE FOUNDATION,Corporate,P.G. CARE FOUNDATION,Company,,,India
OZONE INSTITUTE,Government,OZONE INSTITUTE,Company,OZONE INSTITUTE,,India
Oriental Insurance Company,TPA/INSURANCE,Oriental Insurance Company,Company,ORIENTAL,3,India
ONGC,Government,ONGC,Company,"OIL AND NATURAL,OIL  NATURAL GAS",,India
OFT,Government,OFT,Company,ORDNANCE FACTORY,,India
ODISHA STATE,Government,ODISHA STATE,Company,ODISHA STATE,,India
OCF,Government,OCF,Company,,,India
NTRVS,Government,NTRVS,Company,,,India
NTPC LTD,Government,NTPC LTD,Company,,,India
NSTL,Government,NSTL,Company,,,India
NRRI,Government,NRRI,Company,"NRRI,NATIONAL RICE RESEARCH,CENTRAL RICE RESEARCH",,India
NOVARTIS HEALTHCARE,Corporate,NOVARTIS HEALTHCARE,Company,NOVARTISHEALTHCARE,,India
NLC,Government,NLC,Company,NLCINDIA,,India
Niva Bupa Health Insurance,TPA/INSURANCE,Niva Bupa Health Insurance,Company,"NIVABUPAHEALTH,BUPA HEALTH",,India
Nirmal Hospital,Corporate,Nirmal Hospital,Company,,,India
NIRD (National institute of Rural Development),Government,NIRD (National institute of Rural Development),Company,NATIONAL INSTITUTE OF RURAL,,India
NIPH,Government,NIPH,Company,,,India
NINL,Government,NINL,Company,,,India
NIMHANS,Government,NIMHANS,Company,-NIMHANS-,,India
Nilachala Ispat Nigam Limited,Government,Nilachala Ispat Nigam Limited,Company,,,India
NIIST,Government,NIIST,Company,,,India
NIFT,Government,NIFT,Company,,,India
NICED,Government,NICED,Company,,,India
New India Assurance Company,TPA/INSURANCE,New India Assurance Company,Company,"THE NEW INDIA AS,THE NEW,NEW INDI",4,India
NHA- CAPF,Government,NHA- CAPF,Company,,,India
NGRI,Government,NGRI,Company,,,India
Nethradhama Eye Hospital Davangere,Corporate,Nethradhama Eye Hospital Davangere,Company,NETHRADHAMA HOSPITAL,,India
NEELACHAL ISPAT NIGAM,Government,NEELACHAL ISPAT NIGAM,Company,,,India
NCL(National chemical laboratory),Government,NCL(National chemical laboratory),Company,NATIONAL CHEMICAL LABORATORY,,India
NAVI GENERAL INSURANCE,TPA/INSURANCE,NAVI GENERAL INSURANCE,Company,,,India
Naval Science & Technological Laboratory (NSTL),Government,Naval Science & Technological Laboratory (NSTL),Company,NSTL VIZAGAO RD,,India
Naval Dockyard,Government,Naval Dockyard,Company,,,India
National Silkworm Seed Organisation,Government,National Silkworm Seed Organisation,Company,NATIONAL SILKWORM SEED,,India
National Sanskrit University(NSU),Government,National Sanskrit University(NSU),Company,NATIONAL SANSKRIT,,India
NATIONAL RICE RESEARCH,Government,NATIONAL RICE RESEARCH,Company,,,India
National Police Academy,Government,National Police Academy,Company,AO  SVP NATIONAL  POLICE,,India
National Mineral Development Corporation Limited(NMDC),Government,National Mineral Development Corporation Limited(NMDC),Company,,,India
National Mineral Development Corporation Limited,Government,National Mineral Development Corporation Limited,Company,,,India
National Insurance Company Limited,TPA/INSURANCE,National Insurance Company Limited,Company,"NATIONAL INSURAN,NATIONAL INSURANCE CO,FROM NIC",2,India
NATIONAL INSTITUTE OF SCIENCE EDUCATION,Government,NATIONAL INSTITUTE OF SCIENCE EDUCATION,Company,NATIONAL INSTITUTE OF SCIENCE,,India
NATIONAL INSTITUTE OF OCEAN TECHNOLOGY,Government,NATIONAL INSTITUTE OF OCEAN TECHNOLOGY,Company,OCEAN,,India
National Institute of Nutrition,Government,National Institute of Nutrition,Company,NATIONAL INSTITUTE OF NUTRITION,,India
National Institute of Mental Health and Neuro scie,Government,National Institute of Mental Health and Neuro scie,Company,NATIONAL INSTITUTE OF MENTAL,,India
National Institute of Fashion Technology,Government,National Institute of Fashion Technology,Company,,,India
National Institute of Cholera and Enteric,Government,National Institute of Cholera and Enteric,Company,,,India
NATIONAL INSTITUTE CHOLERA AND ENTERIC,Government,NATIONAL INSTITUTE CHOLERA AND ENTERIC,Company,NATIONAL  INSTITUTE OF CHOLERA,,India
NATIONAL GEOPHYSICAL,Government,NATIONAL GEOPHYSICAL,Company,NATIONAL GEOPHYSICAL,,India
NATIONAL FERTILIZERS,Government,NATIONAL FERTILIZERS,Company,"NATIONAL FERTILIZERS, NFL NAYA",,India
National Council of Science Museums (NCSM),Government,National Council of Science Museums (NCSM),Company,,,India
National Chemical Laboratory,Government,National Chemical Laboratory,Company,,,India
National Centre for Radio Astrophysics -Pune,Government,National Centre for Radio Astrophysics -Pune,Company,TIFR-NATIONAL CENTRE,,India
NATIONAL CENTRE,Government,NATIONAL CENTRE,Company,NATIONAL CENTRE FOR,,India
NATIONAL BOARD,Government,NATIONAL BOARD,Company,"NATIONAL BOARD OF,-NBEMS-",,India
National Atmospheric Research Laboratory(NARL),Government,National Atmospheric Research Laboratory(NARL),Company,"NARL PAYMENT, NATIONAL ATMOSPHERIC,-NARL-",,India
National Aluminium Company Limited (NALCO),Government,National Aluminium Company Limited (NALCO),Company,NATIONAL ALUMINIUM,,India
NATIONAL ACADEMY OF AGRICULTURE RESEARCH MANAGEMEN,Government,NATIONAL ACADEMY OF AGRICULTURE RESEARCH MANAGEMEN,Company,,,India
NATIONAL ACADEMY,Government,NATIONAL ACADEMY,Company,,,India
NARI,Government,NARI,Company,,,India
Narayana Health,Corporate,Narayana Health,Company,,,India
NALCO,Government,NALCO,Company,,,India
NAGARA YESHASVINI,Government,NAGARA YESHASVINI,Company,,,India
NABARD,Government,NABARD,Company,NABARD,,India
Mysore District Treasury,Government,Mysore District Treasury,Company,,,India
My Healthskape Medicals Pvt Ltd,Corporate,My Healthskape Medicals Pvt Ltd,Company,,,India
MUNITIONS INDIA,Government,MUNITIONS INDIA,Company,MUNITIONS INDIA,,India
MRF Limited,Corporate,MRF Limited,Company,MRF LIMITED,,India
MRD LTD,Corporate,MRD LTD,Company,,,India
MINT,Government,MINT,Company,,,India
Ministry of Health and Family,Government,Ministry of Health and Family,Company,,,India
MINISTRY OF HEALTH - OMAN,Corporate,MINISTRY OF HEALTH - OMAN,Company,,,India
MINISTRY OF DEFENCE,Government,MINISTRY OF DEFENCE,Company,,,India
Minerals and Metals Trading Corporation Ltd,Government,Minerals and Metals Trading Corporation Ltd,Company,"MMTC LTD, MMTC LIMITED",,India
Minda Industries  Limited,Corporate,Minda Industries  Limited,Company,MINDA INDUSTRI,,India
METROPOLIS HEALTH,Corporate,METROPOLIS HEALTH,Company,,,India
Meh Healthcare,Corporate,Meh Healthcare,Company,,,India
Meenakshi Hospital,Corporate,Meenakshi Hospital,Company,,,India
Medvantage Insurance TPA Private Limited,TPA/INSURANCE,Medvantage Insurance TPA Private Limited,Company,MEDVANTAGE,17,India
Medsave TPA Healthcare TPA Ltd,TPA/INSURANCE,Medsave TPA Healthcare TPA Ltd,Company,MEDSA,15,India
Medops Techology Pvt Ltd,Corporate,Medops Techology Pvt Ltd,Company,,,India
Medisep,Government,Medisep,Company,,,India
Medicare TPA Services P Ltd,TPA/INSURANCE,Medicare TPA Services P Ltd,Company,,,India
Medibuddy,Corporate,Medibuddy,Company,PHASORZ,,India
Mediassist India TPA P Ltd,TPA/INSURANCE,Mediassist India TPA P Ltd,Company,MEDIASSIST,14,India
MD India Healthcare TPA Service Ltd,TPA/INSURANCE,MD India Healthcare TPA Service Ltd,Company,"MDI-,MDINDIAHEA",1,India
MCL,Government,MCL,Company,"-MCL-,MAHANADI COALFIELDS",,India
Maulana Azad National Urdu University(MANUU),Government,Maulana Azad National Urdu University(MANUU),Company,,,India
ManipalCigna Health Insurance,TPA/INSURANCE,ManipalCigna Health Insurance,Company,MANIPALCIGNA,,India
Mando Automotive India Private Limited,Corporate,Mando Automotive India Private Limited,Company,HL MANDO ANAND,,India
Magnus Health Care and Research,Corporate,Magnus Health Care and Research,Company,Magnus Health,,India
MAGMA HDI GENERAL,TPA/INSURANCE,MAGMA HDI GENERAL,Company,"MAGMA HDI GENER, MAGMA HDI GE",,India
MADURA COATS LTD,Corporate,MADURA COATS LTD,Company,MADURA COATS,,India
MADRAS FERTILIZERS LTD,Government,MADRAS FERTILIZERS LTD,Company,MADRAS FERTILISERS,,India
LOTUS FOOTWEAR,Corporate,LOTUS FOOTWEAR,Company,"LOTUS FOOTWEAR,LOTUS",,India
Liberty General Insurance Limited,TPA/INSURANCE,Liberty General Insurance Limited,Company,LIBERTY GENERAL,,India
L & T,Corporate,L & T,Company,"LARSEN AND TOUBRO, LARSEN",,India
KOTAK MAHINDRA,TPA/INSURANCE,KOTAK MAHINDRA,Company,KOTAK MAHINDRA,,India
Konkan Railway,Government,Konkan Railway,Company,"KRCL-DR,KIOCL LIMITED,KONKAN RAILWAY",,India
KASP-PMJAY,Government,KASP-PMJAY,Company,STATE HEALTH AGENCY KARUNYA,,India
Karnataka Soaps and Detergents Limited,Government,Karnataka Soaps and Detergents Limited,Company,KARNATAKA SOAP,,India
KARNATAKA ROAD TRANSPORT,Government,KARNATAKA ROAD TRANSPORT,Company,,,India
KARNATAKA POLICE,Government,KARNATAKA POLICE,Company,"KARNATAKA STATE EX POLICE, KARNATAKA POLICE,
SECRETARY KARNATAKA",,India
Kamarajar Port limited,Government,Kamarajar Port limited,Company,,,India
KALEESWARI REFINARY,Corporate,KALEESWARI REFINARY,Company,,,India
JSW Steel Works,Corporate,JSW Steel Works,Company,,,India
JNPT Hindal co,Government,JNPT Hindal co,Company,JAWAHARLAL NEHRU PORT,,India
JDS FOOD PRODUCTS,Corporate,JDS FOOD PRODUCTS,Company,Food corporation,,India
Jain Asharya,Corporate,Jain Asharya,Company,,,India
J.K.FENNER INDIA,Corporate,J.K.FENNER INDIA,Company,J K FENNER  INDIA,,India
IVRI,Government,IVRI,Company,,,India
IUCAA,Government,IUCAA,Company,"INTER-UNIVERSITY CENTRE,INTER UNIVERSITY CENTRE",,India
ITD CEMENTATION,Corporate,ITD CEMENTATION,Company,ITD CEMENTATION,,India
Integral Coach Factory ( ICF ),Government,Integral Coach Factory ( ICF ),Company,ICF,,India
Institute Of Physics,Government,Institute Of Physics,Company,INSTITUTE OF PHYSICS,,India
Institute of Mathematical Sciences,Government,Institute of Mathematical Sciences,Company,INSTITUTE OF MATHEMATICAL SCIENCES,,India
INS Rajali,Government,INS Rajali,Company,,,India
Indian Space Research Organisation(ISRO),Government,Indian Space Research Organisation(ISRO),Company,"ISRO  PROPULSION, LIQUID PROPULSION, SPACE APPLICATIONS CENTRE,SPACE APPLICATIONS,U R RAO SATELLITE CENTRE,HARITA FEHRER,ISRO",,India
Indian Ordnance Factories,Government,Indian Ordnance Factories,Company,ORDINANCE FACTORY,,India
Indian Oil Corporation Ltd,Government,Indian Oil Corporation Ltd,Company,INDIAN OIL,,India
INDIAN JAPAN LIGHTING PVT LTD,Corporate,INDIAN JAPAN LIGHTING PVT LTD,Company,,,India
Indian Institute of Horticultural Research,Government,Indian Institute of Horticultural Research,Company,INDIAN INSTITUTE OF HORTICULTURAL,,India
INDIAN INSTITUTE OF CHEMICAL,Government,INDIAN INSTITUTE OF CHEMICAL,Company,,,India
INDIAN ADDITIVE LIMITED,Government,INDIAN ADDITIVE LIMITED,Company,,,India
India Security Press(ISP),Government,India Security Press(ISP),Company,INDIA SECURITY PRESS,,India
IMSC,Government,Institute of Mathematical Sciences,Company,,,India
IITM,Government,IITM,Company,"IIT MADRAS, IITM",,India
IIMR,Government,IIMR,Company,,,India
IFFCO TOKIO GENERAL INSURANCE COMPANY,TPA/INSURANCE,IFFCO TOKIO GENERAL INSURANCE COMPANY,Company,"IFFCO-TOKIO,IFFCO TOK,IFFCO-TOK",,India
IFFCO PARADEEP,Corporate,IFFCO PARADEEP,Company,IFFCO PARADEEP,,India
IFFCO KISAN SEWA,Corporate,IFFCO KISAN SEWA,Company,IFFCO KISAN,,India
ICMR- National Institute of Nutrition (NIN),Government,ICMR- National Institute of Nutrition (NIN),Company,,,India
ICICI Prudential General Insurance,TPA/INSURANCE,ICICI Prudential General Insurance,Company,,,India
ICICI Lombard General Insurance,TPA/INSURANCE,ICICI Lombard General Insurance,Company,ICICI LOMBARD,,India
ICICI Lombard Camp,Corporate,ICICI Lombard Camp,Company,,,India
ICAR,Government,ICAR,Company,,,India
I Care Health ManagementTPA Ltd,TPA/INSURANCE,I Care Health ManagementTPA Ltd,Company,,,India
Hyundai,Corporate,Hyundai,Company,HYUNDAI MOTOR INDIA LIMITED,,India
HVF / OCF,Government,HVF / OCF,Company,,,India
HVF,Government,HVF,Company,THE HVF EMP,,India
HUDCO,Government,HUDCO,Company,,,India
HPO,Government,HPO,Company,HPO-HEALTH,,India
HPL (Hindustan Platinum LTD),Corporate,HPL (Hindustan Platinum LTD),Company,,,India
HPCL,Government,HPCL,Company,HINDUSTAN PETROLEUM,,India
HORTICULTURAL RESEARCH,Government,HORTICULTURAL RESEARCH,Company,HORTICULTURAL RESEARCH,,India
HINDALCO,Corporate,HINDALCO,Company,,,India
HIGH COURT,Government,HIGH COURT,Company,,,India
HI TECH,Corporate,HI TECH,Company,,,India
HESCOM,Government,HESCOM,Company,HESCOM,,India
Hero MotoCorp Ltd,Corporate,Hero MotoCorp Ltd,Company,HERO MOTOCORP,,India
Heritage Health TPA P Ltd,TPA/INSURANCE,Heritage Health TPA P Ltd,Company,HERITAGEHE,13,India
HELYXON HEALTHCARE,Corporate,HELYXON HEALTHCARE,Company,,,India
Heavy Water Plant (Talcher RTI),Government,Heavy Water Plant (Talcher RTI),Company,HEAVY WATER PLANT,,India
Heavy Alloy Penetrator Project (HAPP),Government,Heavy Alloy Penetrator Project (HAPP),Company,,,India
Health Insurance TPA of India Ltd,TPA/INSURANCE,Health Insurance TPA of India Ltd,Company,,,India
Health India Insurance TPA,TPA/INSURANCE,Health India Insurance TPA,Company,health insu,,India
Health Assure Private Limited,Corporate,Health Assure Private Limited,Company,HEALTHASSURE PVT,,India
HDFC ERGO GENERAL INSURANCE CO LTD,TPA/INSURANCE,HDFC ERGO GENERAL INSURANCE CO LTD,Company,"HDFC ERGO GENE,ICICIPRUDENTIAL",,India
Harita Fehrer Limited,Corporate,Harita Fehrer Limited,Company,,,India
Grand Insurance TPA  Pvt Ltd,TPA/INSURANCE,Grand Insurance TPA  Pvt Ltd,Company,,,India
GOOD HEALTH INSURANCE TPA LIMITED,TPA/INSURANCE,GOOD HEALTH INSURANCE TPA LIMITED,Company,GOODHEALTH,11,India
GODIGIT GENERAL,TPA/INSURANCE,GODIGIT GENERAL,Company,"GO DIGIT,22205593,GO DIGI",5,India
Genins India TPA Ltd,TPA/INSURANCE,Genins India TPA Ltd,Company,,,India
General Post Office,Government,General Post Office,Company,,,India
GAIL,Government,GAIL,Company,GAIL,,India
GA INSURANCE,TPA/INSURANCE,GA INSURANCE,Company,,,India
Future Generali General Insurance,TPA/INSURANCE,Future Generali General Insurance,Company,FUTURE GENERALI,,India
Fritzmeier Motherson Cabin Engineering Private Lim,Corporate,Fritzmeier Motherson Cabin Engineering Private Lim,Company,"FRITZMEIER MOT,FRITZMEIER",,India
Fortis Hospital,Corporate,Fortis Hospital,Company,FORTIS HOSPITALS,,India
FOOD CORPORATION OF INDIA,Government,FOOD CORPORATION OF INDIA,Company,"FCI DO, FOOD CORPOR , FCI LIMITED",,India
Family Health Plan TPA Ltd,TPA/INSURANCE,Family Health Plan TPA Ltd,Company,FAMILYHEAL,12,India
FA & CAO,Government,FA & CAO,Company,FA AND CAO,,India
Exide General Insurance,TPA/INSURANCE,Exide General Insurance,Company,,,India
Exide,Corporate,Exide,Company,EXIDE INDUSTRIES,,India
ESSAR PORT LTD,Corporate,ESSAR PORT LTD,Company,,,India
ESSAR FOUNDATION,Corporate,ESSAR FOUNDATION,Company,,,India
Essar Bulk Terminal Paradip Limited,Corporate,Essar Bulk Terminal Paradip Limited,Company,,,India
ESIC,Govt - Specific,ESIC,Company,"ESIC,ODISHA STATE TREASURY,HUBLI DIST TREASURY,MYSORE DISTRICT TREASURY,GOVT OF TAMILNADU,DIRECTORATE OF TREASURIES,MAHARASHTRA EMPLOYEES STATE,ESI,DIRECTOR OF TREASURIES,DISTRICT TREASURY OFFICE",,India
Ericson Insurance TPA Pvt Ltd,TPA/INSURANCE,Ericson Insurance TPA Pvt Ltd,Company,ERICSONINS,10,India
EPFO,Government,EPFO,Company,#NAME?,,India
English and Foreign Languages University(EFLU),Government,English and Foreign Languages University(EFLU),Company,"THE ENGLISH AND FOREIGN,REGISTRAR EFLU",,India
Employees Health Scheme -EHS,Govt - Specific,Employees Health Scheme -EHS,Company,"ANDHRA PRADESH TREAS,DISTRICT TREASURY OFFICE,Treasury ePayment,YSRAHCARETRUST",,India
Empathy foundation,Corporate,Empathy foundation,Company,,,India
Edelweiss General Insurance,TPA/INSURANCE,Edelweiss General Insurance,Company,"EDELWEISS GENERAL,EGICL PAYMENTS",,India
ECHS,Govt - Specific,ECHS,Company,"PCDA,SECUNDERABAD,SBIN0000TBU,Ministry of Defence,CDA CHENNAI,PAO COMM OF CUSTOMS,Ministry of MAHB,Min of Def,DGNPDGNP,WAGES SECTIO,INDIA GOVT M,SECTIO,MU//WAGES,NAVY MU,AAO KOLKATA,AO RD SBC VIZAGAO",9,India
EBTPL,Government,EBTPL,Company,,,India
Eastern Naval Command(ENC),Government,Eastern Naval Command(ENC),Company,,,India
East Wind Foodwear,Corporate,East Wind Foodwear,Company,EAST WIND FOOTWEAR,,India
Volo Health Insurance TPA Pvt Ltd,TPA/INSURANCE,Volo Health Insurance TPA Pvt Ltd,Company,,,India
E Meditek TPA Services Ltd,TPA/INSURANCE,E Meditek TPA Services Ltd,Company,,,India
Dredging Corporation of India(DCI),Government,Dredging Corporation of India(DCI),Company,Dredging Corporation,,India
Dr. NTR VAIDYA SEVA SCHEME,Government,Dr. NTR VAIDYA SEVA SCHEME,Company,NTR VAIDYA,,India
Doordarshan Kendra,Government,Doordarshan Kendra,Company,Doordarshan Kendra,,India
District Blindness Control Society,Government,District Blindness Control Society,Company,,,India
DIGITOTECH,Corporate,DIGITOTECH,Company,DIGIOTECH,,India
DHFL General Insurance Company Ltd,TPA/INSURANCE,DHFL General Insurance Company Ltd,Company,,,India
DEPT OF SPACE,Government,DEPT OF SPACE,Company,,,India
DEPT OF ATOMIC ENERGY,Government,DEPT OF ATOMIC ENERGY,Company,"/gso/,gso-,ATOMIC ENERGY",,India
Dedicated Healthcare Services,TPA/INSURANCE,Dedicated Healthcare Services,Company,,,India
CYIENT DLM,Corporate,CYIENT DLM,Company,CYIENT,,India
CURRENCY NOTE PRESS,Government,CURRENCY NOTE PRESS,Company,CURRENCY NOTE PRESS,,India
CSRT,Government,CSRT,Company,CENTRAL SERICULTURAL,,India
CSMA,Government,CSMA,Company,,,India
CSIR - Central Food Technological Research Institute (CFTRI),Government,CSIR - Central Food Technological Research Institute (CFTRI),Company,CENTRAL FOOD TECHNOLOGICAL,,India
CSIR,Government,CSIR,Company,,,India
CPCL,Government,CPCL,Company,CHENNAI PETROLEUM,,India
COAL INDIA LIMITED,Government,COAL INDIA LIMITED,Company,COAL INDIA,,India
CNP,Government,CNP,Company,,,India
CNH Primary Healthcare Services Pvt Ltd.,Corporate,CNH Primary Healthcare Services Pvt Ltd.,Company,,,India
CMRF,Government,CMRF,Company,,,India
CLRI,Government,CLRI,Company,CENTRAL LEATHER RESEARCH INSTITUTE,,India
CIPET,Government,CIPET,Company,,,India
Cholamandalam Insurance,TPA/INSURANCE,Cholamandalam Insurance,Company,CHOLAMANDALAM,,India
CHIEF MINISTERS COMPREHENSIVE HEALTH INS SCHEME,Govt - Specific,CHIEF MINISTERS COMPREHENSIVE HEALTH INS SCHEME,Company,,,India
Chennai Port Trust,Government,Chennai Port Trust,Company,Chennai Port Trust,,India
CHECK,Government,CHECK,Company,,,India
CGWB,Government,CGWB,Company,,,India
CGHS,Govt - Specific,CGHS,Company,"UTIITSL,NACH,PAY AND ACCO,MICR,PAY AND ACCOUNT,MHFW,MHFW PAYMENT AC,UTITSL,AND ACCO,RPAO CRPF,PAO CENSUS,ACCO/PAY AND,ACCO/PAYAND,RPAO CISF,ZPAO SSB,RPAO ITBP,PAY AND,S A ANSARI,DEVENDRA KUMAR",20,India
CENTRE FOR DNA FINGERPRINTING AND DIAGNOSTICS (CDFD),Government,CENTRE FOR DNA FINGERPRINTING AND DIAGNOSTICS (CDFD),Company,"CENTRE FOR DNA,CDFD",,India
Central warehousing corporation Ltd,Government,Central warehousing corporation Ltd,Company,CENTRAL WAREHOUSING CORPORATION,,India
Central Silk Board,Government,Central Silk Board,Company,,,India
Central Reserve Police Force (CRPF),Government,Central Reserve Police Force (CRPF),Company,CRPF,,India
Central Institute of Plastics Engineering & Technology,Government,Central Institute of Plastics Engineering & Technology,Company,,,India
Central Institute Of Freshwater Aquaculture(CIFA),Government,Central Institute Of Freshwater Aquaculture(CIFA),Company,CENTRAL INSTITUTE OF FRESHWATER,,India
CENTRAL INDUSTRIAL SECURITY FORCE(CISF),Government,CENTRAL INDUSTRIAL SECURITY FORCE(CISF),Company,CISF,,India
Central Armed Police Forces,Government,Central Armed Police Forces,Company,,,India
CDFD,Government,CDFD,Company,,,India
CATERPILLAR INDIA PVT LTD,Corporate,CATERPILLAR INDIA PVT LTD,Company,,,India
Care Health Insurance Limited,TPA/INSURANCE,Care Health Insurance Limited,Company,"Care Health,Care Health INS, CARE HEALTH INSURANC,00030350015860",,India
BVY VSKP,Government,BVY VSKP,Company,BVYVSKP,,India
BSNL,Government,BSNL,Company,"BSNL, BHARATSANCHARNIGAMLD, BHARATSANNIGLDTN, BHARAT SANCHAR NIGAM",,India
BRITANNIA,Corporate,BRITANNIA,Company,,,India
BPCL,Government,BPCL,Company,,,India
Bosch,Corporate,Bosch,Company,BOSCH LIMITED,,India
BMTC,Government,BMTC,Company,BANGALORE METROPOLITAN,,India
Biju Swasthya Kalyan Yojana (BSKY),Government,Biju Swasthya Kalyan Yojana (BSKY),Company,CPSMSBKID,,India
BIAL,Government,BIAL,Company,"BIAL, BANGALORE INTERNATIONAL AIRPORT",,India
Bharti AXA Insurance,TPA/INSURANCE,Bharti AXA Insurance,Company,BHARTI AXA,,India
Bharath Heavy Electricals ltd,Government,Bharath Heavy Electricals ltd,Company,"bhel,BHARAT HEAVY",,India
Bhabha Atomic Research Center(BARC),Government,Bhabha Atomic Research Center(BARC),Company,,,India
BGS Gleneagles Global Hospitals,Corporate,BGS Gleneagles Global Hospitals,Company,RAVINDRANATH GE,,India
BCG Vaccine Laboratory,Government,BCG Vaccine Laboratory,Company,,,India
BBMP,Government,BBMP,Company,bbmp,,India
BATA India Limited,Corporate,BATA India Limited,Company,bata,,India
Bangalore Water Supply and Sewerage Board,Government,Bangalore Water Supply and Sewerage Board,Company,BWSSB,,India
Bajaj Finance Limited,Corporate,Bajaj Finance Limited,Company,BAJAJ FINANCE,,India
Bajaj Allianz General Insurance,TPA/INSURANCE,Bajaj Allianz General Insurance,Company,"bajaj allianz,BAJAJ ALLIAN",,India
AYUSHMAN CAPFS NHA,Government,AYUSHMAN CAPFS NHA,Company,"PAO AYUSHMAN CAPF,AYUSHMAN CAPFS NH",,India
AYUSHMAN BHARAT YOJANA,Government,AYUSHMAN BHARAT YOJANA,Company,"AYUSHMAN BHARAT, ABPMJAY, AYUSHMAN BH",8,India
AYU health care hospital,Corporate,AYU health care hospital,Company,,,India
AWP SERVICES (INDIA) PRIVATE LIMITED,Corporate,AWP SERVICES (INDIA) PRIVATE LIMITED,Company,,,India
AV Tech,Corporate,AV Tech,Company,,,India
Ashok Leyland,Corporate,Ashok Leyland,Company,ASHOK LEYLAND,,India
ASCO NUMAICS,Corporate,ASCO NUMAICS,Company,ASCO NUMATICS,,India
AROGYA SAHAYATHA SCHEME(ASS),Government,AROGYA SAHAYATHA SCHEME(ASS),Company,,,India
AROGYA BHAGYA YOJANE,Government,AROGYA BHAGYA YOJANE,Company,AROGYA BHAGYA,,India
AROGYA BHADRATHA SCHEME (ABS),Government,AROGYA BHADRATHA SCHEME (ABS),Company,"AROGYA BHADRATHA, BHADRATHA",,India
APOLLO PRIME EYE HOSPITALS,Corporate,APOLLO PRIME EYE HOSPITALS,Company,APOLLO PRIME,,India
Apollo Munich Health Insurance Co. Ltd,TPA/INSURANCE,Apollo Munich Health Insurance Co. Ltd,Company,APOLLO Health,,India
AP TREASURY,Government,AP TREASURY,Company,,,India
Anmol Medicare Insurance (TPA) Ltd,TPA/INSURANCE,Anmol Medicare Insurance (TPA) Ltd,Company,,,India
Anishi Andaman,Corporate,Anishi Andaman,Company,DIRECTORATE OF HEALTH SERVICES,,India
Andhra Pradesh State Road Transport Corporation(APSRTC),Government,Andhra Pradesh State Road Transport Corporation(APSRTC),Company,APSRTC,,India
ALINEA HEALTHCARE,Corporate,ALINEA HEALTHCARE,Company,,,India
Alankit Healthcare TPA Ltd,TPA/INSURANCE,Alankit Healthcare TPA Ltd,Company,,,India
AIRPORT AUTHORITY OF INDIA,Government,AIRPORT AUTHORITY OF INDIA,Company,"AIRPORTS AUTHORITY OF INDIA,
AIRPORTAUTHORITYOFINDIA,AAI PORT",,India
AIR INDIA,Government,AIR INDIA,Company,"AIR INDIA,AIAHL",,India
AIR FORCE,Government,AIR FORCE,Company,,,India
AIIPMR,Government,AIIPMR,Company,,,India
Agroha Vikas Trust,Corporate,Agroha Vikas Trust,Company,,,India
AGMOAD,Corporate,AGMOAD,Company,,,India
AFK,Corporate,AFK,Company,,,India
AFCONS,Corporate,AFCONS,Company,,,India
Aditya Birla Health insurance Company Ltd,TPA/INSURANCE,Aditya Birla Health insurance Company Ltd,Company,"ABHICL,Aditya Birla",,India
ACKO GENERAL,TPA/INSURANCE,ACKO GENERAL,Company,"ACKO GENER, ACKO, ACKOGENE",6,India
AB SPF TS,Government,AB SPF TS,Company,,,India
AAVIN,Government,AAVIN,Company,,,India
AASANDHA COMPANY LTD,Corporate,AASANDHA COMPANY LTD,Company,MINISTRY OF FINANCE,,India
Aarogyasri-Healthcare- Trust,Government,Aarogyasri-Healthcare- Trust,Company,"YSR AAROGYASRI, YSRAHCT,DRUSHTINAY,ACH C-",,India
AAROGYA INDIA HEALTH,Government,AAROGYA INDIA HEALTH,Company,aarogyaindiahealth,,India
ROYAL SUNDARAM,TPA/INSURANCE,ROYAL SUNDARAM,Company,ROYAL SUNDAR,,India
GENERAL INSURANCE,TPA/INSURANCE,GENERAL INSURANCE,Company,,,India
Institute of Minerals and Materials Technology(IMMT),Government,Institute of Minerals and Materials Technology(IMMT),Company,instituteofminerals,,India
CUMI,Corporate,CUMI,Company,,,India
High Explosive Factory Khadki (HEFK),Government,High Explosive Factory Khadki (HEFK),Company,,,India
Company Due,Government,Medisep,Company,,,India
Shri Ranchhodraiji Maharaj Mandir Gaushala Trust,Corporate,Shri Ranchhodraiji Maharaj Mandir Gaushala Trust,Company,,,India
Livonta Global Pvt Ltd,Corporate,Livonta Global Pvt Ltd,Company,,,India
